{
  "bytes": 142495,
  "datahub": {
    "created": "2018-01-09T09:17:48.952296",
    "findability": "published",
    "flowid": "machine-learning/breast-cancer/3",
    "modified": "2018-09-06T12:10:55.023094",
    "owner": "machine-learning",
    "ownerid": "machine-learning"
  },
  "description": "The resources for this dataset can be found at https://www.openml.org/d/13\n\nAuthor:   \nSource: Unkno",
  "hash": "dc34ccfa99bafc55432996a5be8d00be",
  "id": "machine-learning/breast-cancer",
  "licenses": [
    {
      "name": "ODC-PDDL",
      "path": "http://opendatacommons.org/licenses/pddl/",
      "title": "Open Data Commons Public Domain Dedication and License"
    }
  ],
  "name": "breast-cancer",
  "resources": [
    {
      "bytes": 29434,
      "datahub": {
        "type": "original"
      },
      "dpp:streamedFrom": "https://s3.amazonaws.com/rawstore.datahub.io/f1bc87afa51b034b58451747757479e3.arff",
      "encoding": "ISO-8859-1",
      "format": "arff",
      "name": "breast-cancer_arff",
      "path": "archive/breast-cancer_arff.arff",
      "pathType": "local",
      "profile": "data-resource"
    },
    {
      "bytes": 24436,
      "datahub": {
        "type": "original"
      },
      "dialect": {
        "delimiter": ",",
        "quoteChar": "'"
      },
      "dpp:streamedFrom": "https://s3.amazonaws.com/rawstore.datahub.io/fb2f7a2ea7da25d2b72acfb4948273e8.csv",
      "encoding": "ISO-8859-1",
      "format": "csv",
      "mediatype": "text/csv",
      "name": "breast-cancer_original",
      "path": "archive/breast-cancer.csv",
      "pathType": "local",
      "profile": "data-resource",
      "schema": {
        "fields": [
          {
            "format": "default",
            "name": "age",
            "type": "string"
          },
          {
            "format": "default",
            "name": "menopause",
            "type": "string"
          },
          {
            "format": "default",
            "name": "tumor-size",
            "type": "string"
          },
          {
            "format": "default",
            "name": "inv-nodes",
            "type": "string"
          },
          {
            "format": "default",
            "name": "node-caps",
            "type": "string"
          },
          {
            "format": "default",
            "name": "deg-malig",
            "type": "number"
          },
          {
            "format": "default",
            "name": "breast",
            "type": "string"
          },
          {
            "format": "default",
            "name": "breast-quad",
            "type": "string"
          },
          {
            "format": "default",
            "name": "irradiat",
            "type": "string"
          },
          {
            "format": "default",
            "name": "Class",
            "type": "string"
          }
        ],
        "missingValues": [
          ""
        ]
      }
    },
    {
      "bytes": 3641,
      "datahub": {
        "type": "derived/report"
      },
      "description": "Validation report for tabular data",
      "dpp:streamedFrom": "/tmp/tmpx4gtn1ew/machine-learning/breast-cancer/validation_report/data/c52af105ee911843c7965a67d0cabf1f/validation_report.json",
      "format": "json",
      "hash": "c52af105ee911843c7965a67d0cabf1f",
      "name": "validation_report",
      "path": "data/validation_report.json",
      "profile": "data-resource"
    },
    {
      "bytes": 19021,
      "datahub": {
        "derivedFrom": [
          "breast-cancer"
        ],
        "type": "derived/csv"
      },
      "delimiter": ",",
      "dialect": {
        "delimiter": ",",
        "doubleQuote": true,
        "lineTerminator": "\r\n",
        "quoteChar": "\"",
        "skipInitialSpace": false
      },
      "dpp:streamedFrom": "/tmp/tmpx4gtn1ew/machine-learning/breast-cancer/breast-cancer_csv/data/cfade1d9730bf286d3a83abf7d48829d/breast-cancer_csv.csv",
      "encoding": "utf-8",
      "format": "csv",
      "hash": "cfade1d9730bf286d3a83abf7d48829d",
      "mediatype": "text/csv",
      "name": "breast-cancer_csv",
      "path": "data/breast-cancer_csv.csv",
      "pathType": "local",
      "profile": "data-resource",
      "quotechar": "'",
      "rowcount": 286,
      "schema": {
        "fields": [
          {
            "format": "default",
            "name": "age",
            "type": "string"
          },
          {
            "format": "default",
            "name": "menopause",
            "type": "string"
          },
          {
            "format": "default",
            "name": "tumor-size",
            "type": "string"
          },
          {
            "format": "default",
            "name": "inv-nodes",
            "type": "string"
          },
          {
            "format": "default",
            "name": "node-caps",
            "type": "string"
          },
          {
            "decimalChar": ".",
            "format": "default",
            "groupChar": "",
            "name": "deg-malig",
            "type": "number"
          },
          {
            "format": "default",
            "name": "breast",
            "type": "string"
          },
          {
            "format": "default",
            "name": "breast-quad",
            "type": "string"
          },
          {
            "format": "default",
            "name": "irradiat",
            "type": "string"
          },
          {
            "format": "default",
            "name": "Class",
            "type": "string"
          }
        ],
        "missingValues": [
          ""
        ]
      },
      "signed": true
    },
    {
      "bytes": 61564,
      "datahub": {
        "derivedFrom": [
          "breast-cancer"
        ],
        "type": "derived/json"
      },
      "delimiter": ",",
      "dialect": {
        "delimiter": ",",
        "quoteChar": "'"
      },
      "dpp:streamedFrom": "/tmp/tmpx4gtn1ew/machine-learning/breast-cancer/breast-cancer_json/data/0149001ab9c3745142226f435bf3421f/breast-cancer_json.json",
      "encoding": "utf-8",
      "format": "json",
      "hash": "0149001ab9c3745142226f435bf3421f",
      "mediatype": "text/csv",
      "name": "breast-cancer_json",
      "path": "data/breast-cancer_json.json",
      "pathType": "local",
      "profile": "data-resource",
      "quotechar": "'",
      "rowcount": 286,
      "schema": {
        "fields": [
          {
            "format": "default",
            "name": "age",
            "type": "string"
          },
          {
            "format": "default",
            "name": "menopause",
            "type": "string"
          },
          {
            "format": "default",
            "name": "tumor-size",
            "type": "string"
          },
          {
            "format": "default",
            "name": "inv-nodes",
            "type": "string"
          },
          {
            "format": "default",
            "name": "node-caps",
            "type": "string"
          },
          {
            "format": "default",
            "name": "deg-malig",
            "type": "number"
          },
          {
            "format": "default",
            "name": "breast",
            "type": "string"
          },
          {
            "format": "default",
            "name": "breast-quad",
            "type": "string"
          },
          {
            "format": "default",
            "name": "irradiat",
            "type": "string"
          },
          {
            "format": "default",
            "name": "Class",
            "type": "string"
          }
        ],
        "missingValues": [
          ""
        ]
      },
      "signed": true
    },
    {
      "bytes": 4399,
      "dpp:streamedFrom": "/tmp/tmpd1yqt5rw/README.md",
      "format": "md",
      "name": "readme",
      "path": "README.md"
    }
  ],
  "title": "Breast cancer"
}