[{"Class": "recurrence-events", "age": "40-49", "breast": "right", "breast-quad": "left_up", "deg-malig": 3.0, "inv-nodes": "0-2", "irradiat": "no", "menopause": "premeno", "node-caps": "yes", "tumor-size": "15-19"},{"Class": "no-recurrence-events", "age": "50-59", "breast": "right", "breast-quad": "central", "deg-malig": 1.0, "inv-nodes": "0-2", "irradiat": "no", "menopause": "ge40", "node-caps": "no", "tumor-size": "15-19"},{"Class": "recurrence-events", "age": "50-59", "breast": "left", "breast-quad": "left_low", "deg-malig": 2.0, "inv-nodes": "0-2", "irradiat": "no", "menopause": "ge40", "node-caps": "no", "tumor-size": "35-39"},{"Class": "no-recurrence-events", "age": "40-49", "breast": "right", "breast-quad": "left_low", "deg-malig": 3.0, "inv-nodes": "0-2", "irradiat": "yes", "menopause": "premeno", "node-caps": "yes", "tumor-size": "35-39"},{"Class": "recurrence-events", "age": "40-49", "breast": "left", "breast-quad": "right_up", "deg-malig": 2.0, "inv-nodes": "3-5", "irradiat": "no", "menopause": "premeno", "node-caps": "yes", "tumor-size": "30-34"},{"Class": "no-recurrence-events", "age": "50-59", "breast": "right", "breast-quad": "left_up", "deg-malig": 2.0, "inv-nodes": "3-5", "irradiat": "yes", "menopause": "premeno", "node-caps": "no", "tumor-size": "25-29"},{"Class": "no-recurrence-events", "age": "50-59", "breast": "left", "breast-quad": "left_up", "deg-malig": 3.0, "inv-nodes": "0-2", "irradiat": "no", "menopause": "ge40", "node-caps": "no", "tumor-size": "40-44"},{"Class": "no-recurrence-events", "age": "40-49", "breast": "left", "breast-quad": "left_up", "deg-malig": 2.0, "inv-nodes": "0-2", "irradiat": "no", "menopause": "premeno", "node-caps": "no", "tumor-size": "10-14"},{"Class": "no-recurrence-events", "age": "40-49", "breast": "right", "breast-quad": "right_low", "deg-malig": 2.0, "inv-nodes": "0-2", "irradiat": "no", "menopause": "premeno", "node-caps": "no", "tumor-size": "0-4"},{"Class": "no-recurrence-events", "age": "40-49", "breast": "right", "breast-quad": "left_up", "deg-malig": 2.0, "inv-nodes": "15-17", "irradiat": "yes", "menopause": "ge40", "node-caps": "yes", "tumor-size": "40-44"},{"Class": "no-recurrence-events", "age": "50-59", "breast": "left", "breast-quad": "left_low", "deg-malig": 2.0, "inv-nodes": "0-2", "irradiat": "no", "menopause": "premeno", "node-caps": "no", "tumor-size": "25-29"},{"Class": "no-recurrence-events", "age": "60-69", "breast": "right", "breast-quad": "left_up", "deg-malig": 2.0, "inv-nodes": "0-2", "irradiat": "no", "menopause": "ge40", "node-caps": "no", "tumor-size": "15-19"},{"Class": "no-recurrence-events", "age": "50-59", "breast": "right", "breast-quad": "central", "deg-malig": 1.0, "inv-nodes": "0-2", "irradiat": "no", "menopause": "ge40", "node-caps": "no", "tumor-size": "30-34"},{"Class": "no-recurrence-events", "age": "50-59", "breast": "right", "breast-quad": "left_up", "deg-malig": 2.0, "inv-nodes": "0-2", "irradiat": "no", "menopause": "ge40", "node-caps": "no", "tumor-size": "25-29"},{"Class": "recurrence-events", "age": "40-49", "breast": "left", "breast-quad": "left_low", "deg-malig": 2.0, "inv-nodes": "0-2", "irradiat": "yes", "menopause": "premeno", "node-caps": "no", "tumor-size": "25-29"},{"Class": "no-recurrence-events", "age": "30-39", "breast": "left", "breast-quad": "central", "deg-malig": 3.0, "inv-nodes": "0-2", "irradiat": "no", "menopause": "premeno", "node-caps": "no", "tumor-size": "20-24"},{"Class": "no-recurrence-events", "age": "50-59", "breast": "right", "breast-quad": "left_up", "deg-malig": 1.0, "inv-nodes": "3-5", "irradiat": "no", "menopause": "premeno", "node-caps": "no", "tumor-size": "10-14"},{"Class": "no-recurrence-events", "age": "60-69", "breast": "right", "breast-quad": "left_up", "deg-malig": 2.0, "inv-nodes": "0-2", "irradiat": "no", "menopause": "ge40", "node-caps": "no", "tumor-size": "15-19"},{"Class": "no-recurrence-events", "age": "50-59", "breast": "left", "breast-quad": "left_up", "deg-malig": 2.0, "inv-nodes": "0-2", "irradiat": "no", "menopause": "premeno", "node-caps": "no", "tumor-size": "40-44"},{"Class": "no-recurrence-events", "age": "50-59", "breast": "left", "breast-quad": "left_up", "deg-malig": 3.0, "inv-nodes": "0-2", "irradiat": "no", "menopause": "ge40", "node-caps": "no", "tumor-size": "20-24"},{"Class": "recurrence-events", "age": "50-59", "breast": "left", "breast-quad": "left_low", "deg-malig": 1.0, "inv-nodes": "0-2", "irradiat": "no", "menopause": "lt40", "node-caps": null, "tumor-size": "20-24"},{"Class": "no-recurrence-events", "age": "60-69", "breast": "right", "breast-quad": "left_up", "deg-malig": 2.0, "inv-nodes": "3-5", "irradiat": "yes", "menopause": "ge40", "node-caps": "no", "tumor-size": "40-44"},{"Class": "no-recurrence-events", "age": "50-59", "breast": "right", "breast-quad": "left_low", "deg-malig": 2.0, "inv-nodes": "0-2", "irradiat": "no", "menopause": "ge40", "node-caps": "no", "tumor-size": "15-19"},{"Class": "no-recurrence-events", "age": "40-49", "breast": "right", "breast-quad": "left_up", "deg-malig": 1.0, "inv-nodes": "0-2", "irradiat": "no", "menopause": "premeno", "node-caps": "no", "tumor-size": "10-14"},{"Class": "recurrence-events", "age": "30-39", "breast": "left", "breast-quad": "left_low", "deg-malig": 3.0, "inv-nodes": "6-8", "irradiat": "yes", "menopause": "premeno", "node-caps": "yes", "tumor-size": "15-19"},{"Class": "no-recurrence-events", "age": "50-59", "breast": "right", "breast-quad": "left_up", "deg-malig": 2.0, "inv-nodes": "3-5", "irradiat": "no", "menopause": "ge40", "node-caps": "yes", "tumor-size": "20-24"},{"Class": "no-recurrence-events", "age": "50-59", "breast": "right", "breast-quad": "left_low", "deg-malig": 2.0, "inv-nodes": "0-2", "irradiat": "no", "menopause": "ge40", "node-caps": "no", "tumor-size": "10-14"},{"Class": "no-recurrence-events", "age": "40-49", "breast": "right", "breast-quad": "left_up", "deg-malig": 1.0, "inv-nodes": "0-2", "irradiat": "no", "menopause": "premeno", "node-caps": "no", "tumor-size": "10-14"},{"Class": "no-recurrence-events", "age": "60-69", "breast": "left", "breast-quad": "left_low", "deg-malig": 3.0, "inv-nodes": "3-5", "irradiat": "no", "menopause": "ge40", "node-caps": "yes", "tumor-size": "30-34"},{"Class": "recurrence-events", "age": "40-49", "breast": "left", "breast-quad": "left_low", "deg-malig": 3.0, "inv-nodes": "15-17", "irradiat": "no", "menopause": "premeno", "node-caps": "yes", "tumor-size": "15-19"},{"Class": "recurrence-events", "age": "60-69", "breast": "right", "breast-quad": "central", "deg-malig": 3.0, "inv-nodes": "0-2", "irradiat": "no", "menopause": "ge40", "node-caps": "no", "tumor-size": "30-34"},{"Class": "no-recurrence-events", "age": "60-69", "breast": "right", "breast-quad": "left_low", "deg-malig": 1.0, "inv-nodes": "3-5", "irradiat": "yes", "menopause": "ge40", "node-caps": null, "tumor-size": "25-29"},{"Class": "no-recurrence-events", "age": "50-59", "breast": "left", "breast-quad": "right_up", "deg-malig": 3.0, "inv-nodes": "0-2", "irradiat": "no", "menopause": "ge40", "node-caps": "no", "tumor-size": "25-29"},{"Class": "no-recurrence-events", "age": "50-59", "breast": "right", "breast-quad": "left_up", "deg-malig": 3.0, "inv-nodes": "0-2", "irradiat": "no", "menopause": "ge40", "node-caps": "no", "tumor-size": "20-24"},{"Class": "recurrence-events", "age": "40-49", "breast": "left", "breast-quad": "left_low", "deg-malig": 1.0, "inv-nodes": "0-2", "irradiat": "yes", "menopause": "premeno", "node-caps": "no", "tumor-size": "30-34"},{"Class": "no-recurrence-events", "age": "30-39", "breast": "left", "breast-quad": "left_low", "deg-malig": 1.0, "inv-nodes": "0-2", "irradiat": "no", "menopause": "premeno", "node-caps": "no", "tumor-size": "15-19"},{"Class": "no-recurrence-events", "age": "40-49", "breast": "right", "breast-quad": "left_up", "deg-malig": 2.0, "inv-nodes": "0-2", "irradiat": "no", "menopause": "premeno", "node-caps": "no", "tumor-size": "10-14"},{"Class": "no-recurrence-events", "age": "60-69", "breast": "left", "breast-quad": "central", "deg-malig": 3.0, "inv-nodes": "6-8", "irradiat": "no", "menopause": "ge40", "node-caps": "yes", "tumor-size": "45-49"},{"Class": "no-recurrence-events", "age": "40-49", "breast": "left", "breast-quad": "left_low", "deg-malig": 3.0, "inv-nodes": "0-2", "irradiat": "no", "menopause": "ge40", "node-caps": "no", "tumor-size": "20-24"},{"Class": "no-recurrence-events", "age": "40-49", "breast": "right", "breast-quad": "right_low", "deg-malig": 1.0, "inv-nodes": "0-2", "irradiat": "no", "menopause": "premeno", "node-caps": "no", "tumor-size": "10-14"},{"Class": "recurrence-events", "age": "30-39", "breast": "left", "breast-quad": "left_low", "deg-malig": 3.0, "inv-nodes": "0-2", "irradiat": "no", "menopause": "premeno", "node-caps": "no", "tumor-size": "35-39"},{"Class": "no-recurrence-events", "age": "40-49", "breast": "right", "breast-quad": "right_up", "deg-malig": 2.0, "inv-nodes": "9-11", "irradiat": "yes", "menopause": "premeno", "node-caps": "yes", "tumor-size": "35-39"},{"Class": "no-recurrence-events", "age": "60-69", "breast": "right", "breast-quad": "left_low", "deg-malig": 2.0, "inv-nodes": "0-2", "irradiat": "no", "menopause": "ge40", "node-caps": "no", "tumor-size": "25-29"},{"Class": "recurrence-events", "age": "50-59", "breast": "right", "breast-quad": "right_up", "deg-malig": 3.0, "inv-nodes": "3-5", "irradiat": "no", "menopause": "ge40", "node-caps": "yes", "tumor-size": "20-24"},{"Class": "no-recurrence-events", "age": "30-39", "breast": "left", "breast-quad": "left_low", "deg-malig": 1.0, "inv-nodes": "0-2", "irradiat": "no", "menopause": "premeno", "node-caps": "no", "tumor-size": "15-19"},{"Class": "recurrence-events", "age": "50-59", "breast": "left", "breast-quad": "right_up", "deg-malig": 3.0, "inv-nodes": "0-2", "irradiat": "no", "menopause": "premeno", "node-caps": "no", "tumor-size": "30-34"},{"Class": "no-recurrence-events", "age": "60-69", "breast": "right", "breast-quad": "left_up", "deg-malig": 2.0, "inv-nodes": "0-2", "irradiat": "yes", "menopause": "ge40", "node-caps": "no", "tumor-size": "10-14"},{"Class": "no-recurrence-events", "age": "40-49", "breast": "right", "breast-quad": "left_up", "deg-malig": 3.0, "inv-nodes": "0-2", "irradiat": "yes", "menopause": "premeno", "node-caps": "yes", "tumor-size": "35-39"},{"Class": "no-recurrence-events", "age": "50-59", "breast": "right", "breast-quad": "left_up", "deg-malig": 2.0, "inv-nodes": "0-2", "irradiat": "yes", "menopause": "premeno", "node-caps": "yes", "tumor-size": "50-54"},{"Class": "no-recurrence-events", "age": "50-59", "breast": "right", "breast-quad": "left_up", "deg-malig": 3.0, "inv-nodes": "0-2", "irradiat": "no", "menopause": "ge40", "node-caps": "no", "tumor-size": "40-44"},{"Class": "recurrence-events", "age": "70-79", "breast": "left", "breast-quad": "left_low", "deg-malig": 1.0, "inv-nodes": "9-11", "irradiat": "yes", "menopause": "ge40", "node-caps": null, "tumor-size": "15-19"},{"Class": "no-recurrence-events", "age": "50-59", "breast": "right", "breast-quad": "left_up", "deg-malig": 3.0, "inv-nodes": "0-2", "irradiat": "no", "menopause": "lt40", "node-caps": "no", "tumor-size": "30-34"},{"Class": "no-recurrence-events", "age": "40-49", "breast": "left", "breast-quad": "central", "deg-malig": 3.0, "inv-nodes": "0-2", "irradiat": "no", "menopause": "premeno", "node-caps": "no", "tumor-size": "0-4"},{"Class": "no-recurrence-events", "age": "70-79", "breast": "right", "breast-quad": "right_up", "deg-malig": 1.0, "inv-nodes": "0-2", "irradiat": "no", "menopause": "ge40", "node-caps": "no", "tumor-size": "40-44"},{"Class": "no-recurrence-events", "age": "40-49", "breast": "left", "breast-quad": "right_low", "deg-malig": 2.0, "inv-nodes": "0-2", "irradiat": "yes", "menopause": "premeno", "node-caps": null, "tumor-size": "25-29"},{"Class": "no-recurrence-events", "age": "50-59", "breast": "right", "breast-quad": "left_up", "deg-malig": 3.0, "inv-nodes": "15-17", "irradiat": "no", "menopause": "ge40", "node-caps": "yes", "tumor-size": "25-29"},{"Class": "no-recurrence-events", "age": "50-59", "breast": "left", "breast-quad": "left_low", "deg-malig": 1.0, "inv-nodes": "0-2", "irradiat": "no", "menopause": "premeno", "node-caps": "no", "tumor-size": "20-24"},{"Class": "no-recurrence-events", "age": "50-59", "breast": "left", "breast-quad": "left_low", "deg-malig": 3.0, "inv-nodes": "15-17", "irradiat": "no", "menopause": "ge40", "node-caps": "no", "tumor-size": "35-39"},{"Class": "no-recurrence-events", "age": "50-59", "breast": "right", "breast-quad": "right_up", "deg-malig": 1.0, "inv-nodes": "0-2", "irradiat": "no", "menopause": "ge40", "node-caps": "no", "tumor-size": "50-54"},{"Class": "recurrence-events", "age": "30-39", "breast": "right", "breast-quad": "central", "deg-malig": 2.0, "inv-nodes": "0-2", "irradiat": "no", "menopause": "premeno", "node-caps": "no", "tumor-size": "0-4"},{"Class": "recurrence-events", "age": "50-59", "breast": "left", "breast-quad": "left_low", "deg-malig": 3.0, "inv-nodes": "6-8", "irradiat": "yes", "menopause": "ge40", "node-caps": "yes", "tumor-size": "40-44"},{"Class": "no-recurrence-events", "age": "40-49", "breast": "right", "breast-quad": "right_up", "deg-malig": 2.0, "inv-nodes": "0-2", "irradiat": "yes", "menopause": "premeno", "node-caps": "no", "tumor-size": "30-34"},{"Class": "no-recurrence-events", "age": "40-49", "breast": "left", "breast-quad": "left_up", "deg-malig": 3.0, "inv-nodes": "0-2", "irradiat": "no", "menopause": "ge40", "node-caps": "no", "tumor-size": "20-24"},{"Class": "recurrence-events", "age": "40-49", "breast": "left", "breast-quad": "left_low", "deg-malig": 3.0, "inv-nodes": "15-17", "irradiat": "no", "menopause": "premeno", "node-caps": "yes", "tumor-size": "30-34"},{"Class": "recurrence-events", "age": "40-49", "breast": "right", "breast-quad": "left_up", "deg-malig": 2.0, "inv-nodes": "0-2", "irradiat": "no", "menopause": "ge40", "node-caps": "no", "tumor-size": "20-24"},{"Class": "no-recurrence-events", "age": "50-59", "breast": "right", "breast-quad": "central", "deg-malig": 1.0, "inv-nodes": "0-2", "irradiat": "no", "menopause": "ge40", "node-caps": "no", "tumor-size": "15-19"},{"Class": "no-recurrence-events", "age": "30-39", "breast": "right", "breast-quad": "left_low", "deg-malig": 2.0, "inv-nodes": "0-2", "irradiat": "no", "menopause": "premeno", "node-caps": "no", "tumor-size": "25-29"},{"Class": "no-recurrence-events", "age": "60-69", "breast": "left", "breast-quad": "left_low", "deg-malig": 2.0, "inv-nodes": "0-2", "irradiat": "no", "menopause": "ge40", "node-caps": "no", "tumor-size": "15-19"},{"Class": "recurrence-events", "age": "50-59", "breast": "right", "breast-quad": "left_up", "deg-malig": 2.0, "inv-nodes": "9-11", "irradiat": "no", "menopause": "premeno", "node-caps": "yes", "tumor-size": "50-54"},{"Class": "no-recurrence-events", "age": "30-39", "breast": "right", "breast-quad": "left_low", "deg-malig": 1.0, "inv-nodes": "0-2", "irradiat": "no", "menopause": "premeno", "node-caps": "no", "tumor-size": "10-14"},{"Class": "recurrence-events", "age": "50-59", "breast": "left", "breast-quad": "left_low", "deg-malig": 3.0, "inv-nodes": "3-5", "irradiat": "yes", "menopause": "premeno", "node-caps": "yes", "tumor-size": "25-29"},{"Class": "no-recurrence-events", "age": "60-69", "breast": "right", "breast-quad": "left_up", "deg-malig": 1.0, "inv-nodes": "3-5", "irradiat": "yes", "menopause": "ge40", "node-caps": null, "tumor-size": "25-29"},{"Class": "no-recurrence-events", "age": "60-69", "breast": "right", "breast-quad": "left_low", "deg-malig": 1.0, "inv-nodes": "0-2", "irradiat": "no", "menopause": "ge40", "node-caps": "no", "tumor-size": "10-14"},{"Class": "recurrence-events", "age": "50-59", "breast": "left", "breast-quad": "right_low", "deg-malig": 3.0, "inv-nodes": "6-8", "irradiat": "no", "menopause": "ge40", "node-caps": "yes", "tumor-size": "30-34"},{"Class": "recurrence-events", "age": "30-39", "breast": "left", "breast-quad": "right_low", "deg-malig": 3.0, "inv-nodes": "6-8", "irradiat": "yes", "menopause": "premeno", "node-caps": "yes", "tumor-size": "25-29"},{"Class": "no-recurrence-events", "age": "50-59", "breast": "left", "breast-quad": "left_low", "deg-malig": 1.0, "inv-nodes": "0-2", "irradiat": "no", "menopause": "ge40", "node-caps": "no", "tumor-size": "10-14"},{"Class": "no-recurrence-events", "age": "50-59", "breast": "left", "breast-quad": "left_low", "deg-malig": 1.0, "inv-nodes": "0-2", "irradiat": "no", "menopause": "premeno", "node-caps": "no", "tumor-size": "15-19"},{"Class": "no-recurrence-events", "age": "40-49", "breast": "right", "breast-quad": "central", "deg-malig": 2.0, "inv-nodes": "0-2", "irradiat": "no", "menopause": "premeno", "node-caps": "no", "tumor-size": "25-29"},{"Class": "recurrence-events", "age": "40-49", "breast": "left", "breast-quad": "right_up", "deg-malig": 3.0, "inv-nodes": "0-2", "irradiat": "no", "menopause": "premeno", "node-caps": "no", "tumor-size": "25-29"},{"Class": "no-recurrence-events", "age": "60-69", "breast": "right", "breast-quad": "right_up", "deg-malig": 2.0, "inv-nodes": "6-8", "irradiat": "no", "menopause": "ge40", "node-caps": "yes", "tumor-size": "30-34"},{"Class": "no-recurrence-events", "age": "50-59", "breast": "left", "breast-quad": "left_low", "deg-malig": 2.0, "inv-nodes": "0-2", "irradiat": "no", "menopause": "lt40", "node-caps": "no", "tumor-size": "15-19"},{"Class": "no-recurrence-events", "age": "40-49", "breast": "right", "breast-quad": "left_low", "deg-malig": 2.0, "inv-nodes": "0-2", "irradiat": "no", "menopause": "premeno", "node-caps": "no", "tumor-size": "25-29"},{"Class": "no-recurrence-events", "age": "40-49", "breast": "right", "breast-quad": "left_up", "deg-malig": 1.0, "inv-nodes": "0-2", "irradiat": "no", "menopause": "premeno", "node-caps": "no", "tumor-size": "30-34"},{"Class": "no-recurrence-events", "age": "60-69", "breast": "left", "breast-quad": "left_up", "deg-malig": 2.0, "inv-nodes": "0-2", "irradiat": "yes", "menopause": "ge40", "node-caps": "no", "tumor-size": "15-19"},{"Class": "no-recurrence-events", "age": "30-39", "breast": "right", "breast-quad": "central", "deg-malig": 2.0, "inv-nodes": "0-2", "irradiat": "no", "menopause": "premeno", "node-caps": "no", "tumor-size": "0-4"},{"Class": "no-recurrence-events", "age": "50-59", "breast": "left", "breast-quad": "left_up", "deg-malig": 3.0, "inv-nodes": "0-2", "irradiat": "no", "menopause": "ge40", "node-caps": "no", "tumor-size": "35-39"},{"Class": "no-recurrence-events", "age": "40-49", "breast": "right", "breast-quad": "left_up", "deg-malig": 1.0, "inv-nodes": "0-2", "irradiat": "no", "menopause": "premeno", "node-caps": "no", "tumor-size": "40-44"},{"Class": "no-recurrence-events", "age": "30-39", "breast": "right", "breast-quad": "left_up", "deg-malig": 2.0, "inv-nodes": "6-8", "irradiat": "yes", "menopause": "premeno", "node-caps": "yes", "tumor-size": "25-29"},{"Class": "no-recurrence-events", "age": "50-59", "breast": "right", "breast-quad": "left_low", "deg-malig": 1.0, "inv-nodes": "0-2", "irradiat": "no", "menopause": "ge40", "node-caps": "no", "tumor-size": "20-24"},{"Class": "no-recurrence-events", "age": "50-59", "breast": "left", "breast-quad": "left_up", "deg-malig": 1.0, "inv-nodes": "0-2", "irradiat": "no", "menopause": "ge40", "node-caps": "no", "tumor-size": "30-34"},{"Class": "recurrence-events", "age": "60-69", "breast": "right", "breast-quad": "left_up", "deg-malig": 1.0, "inv-nodes": "0-2", "irradiat": "no", "menopause": "ge40", "node-caps": "no", "tumor-size": "20-24"},{"Class": "recurrence-events", "age": "30-39", "breast": "right", "breast-quad": "left_up", "deg-malig": 3.0, "inv-nodes": "3-5", "irradiat": "yes", "menopause": "premeno", "node-caps": "no", "tumor-size": "30-34"},{"Class": "recurrence-events", "age": "50-59", "breast": "left", "breast-quad": "left_up", "deg-malig": 1.0, "inv-nodes": "0-2", "irradiat": "no", "menopause": "lt40", "node-caps": null, "tumor-size": "20-24"},{"Class": "no-recurrence-events", "age": "50-59", "breast": "right", "breast-quad": "left_up", "deg-malig": 2.0, "inv-nodes": "0-2", "irradiat": "no", "menopause": "premeno", "node-caps": "no", "tumor-size": "10-14"},{"Class": "no-recurrence-events", "age": "50-59", "breast": "right", "breast-quad": "left_up", "deg-malig": 2.0, "inv-nodes": "0-2", "irradiat": "no", "menopause": "ge40", "node-caps": "no", "tumor-size": "20-24"},{"Class": "no-recurrence-events", "age": "40-49", "breast": "left", "breast-quad": "left_low", "deg-malig": 2.0, "inv-nodes": "0-2", "irradiat": "yes", "menopause": "premeno", "node-caps": "no", "tumor-size": "45-49"},{"Class": "recurrence-events", "age": "30-39", "breast": "left", "breast-quad": "left_up", "deg-malig": 1.0, "inv-nodes": "0-2", "irradiat": "no", "menopause": "premeno", "node-caps": "no", "tumor-size": "40-44"},{"Class": "no-recurrence-events", "age": "50-59", "breast": "left", "breast-quad": "left_low", "deg-malig": 1.0, "inv-nodes": "0-2", "irradiat": "no", "menopause": "premeno", "node-caps": "no", "tumor-size": "10-14"},{"Class": "recurrence-events", "age": "60-69", "breast": "right", "breast-quad": "left_up", "deg-malig": 3.0, "inv-nodes": "0-2", "irradiat": "yes", "menopause": "ge40", "node-caps": "no", "tumor-size": "30-34"},{"Class": "recurrence-events", "age": "40-49", "breast": "right", "breast-quad": "left_up", "deg-malig": 1.0, "inv-nodes": "0-2", "irradiat": "no", "menopause": "premeno", "node-caps": "no", "tumor-size": "35-39"},{"Class": "recurrence-events", "age": "40-49", "breast": "left", "breast-quad": "left_low", "deg-malig": 2.0, "inv-nodes": "3-5", "irradiat": "yes", "menopause": "premeno", "node-caps": "yes", "tumor-size": "20-24"},{"Class": "recurrence-events", "age": "50-59", "breast": "left", "breast-quad": "left_low", "deg-malig": 2.0, "inv-nodes": "0-2", "irradiat": "no", "menopause": "premeno", "node-caps": "no", "tumor-size": "15-19"},{"Class": "no-recurrence-events", "age": "50-59", "breast": "right", "breast-quad": "left_low", "deg-malig": 3.0, "inv-nodes": "0-2", "irradiat": "no", "menopause": "ge40", "node-caps": "no", "tumor-size": "30-34"},{"Class": "no-recurrence-events", "age": "60-69", "breast": "left", "breast-quad": "left_up", "deg-malig": 2.0, "inv-nodes": "0-2", "irradiat": "no", "menopause": "ge40", "node-caps": "no", "tumor-size": "20-24"},{"Class": "no-recurrence-events", "age": "40-49", "breast": "left", "breast-quad": "right_low", "deg-malig": 1.0, "inv-nodes": "0-2", "irradiat": "no", "menopause": "premeno", "node-caps": "no", "tumor-size": "20-24"},{"Class": "recurrence-events", "age": "60-69", "breast": "left", "breast-quad": "central", "deg-malig": 2.0, "inv-nodes": "3-5", "irradiat": "yes", "menopause": "ge40", "node-caps": "yes", "tumor-size": "30-34"},{"Class": "recurrence-events", "age": "60-69", "breast": "left", "breast-quad": "left_low", "deg-malig": 2.0, "inv-nodes": "3-5", "irradiat": "yes", "menopause": "ge40", "node-caps": "no", "tumor-size": "20-24"},{"Class": "recurrence-events", "age": "50-59", "breast": "left", "breast-quad": "right_up", "deg-malig": 2.0, "inv-nodes": "0-2", "irradiat": "no", "menopause": "premeno", "node-caps": "no", "tumor-size": "25-29"},{"Class": "no-recurrence-events", "age": "50-59", "breast": "right", "breast-quad": "right_up", "deg-malig": 1.0, "inv-nodes": "0-2", "irradiat": "no", "menopause": "ge40", "node-caps": "no", "tumor-size": "30-34"},{"Class": "no-recurrence-events", "age": "40-49", "breast": "left", "breast-quad": "right_low", "deg-malig": 2.0, "inv-nodes": "0-2", "irradiat": "no", "menopause": "premeno", "node-caps": "no", "tumor-size": "20-24"},{"Class": "no-recurrence-events", "age": "60-69", "breast": "right", "breast-quad": "left_up", "deg-malig": 1.0, "inv-nodes": "0-2", "irradiat": "no", "menopause": "ge40", "node-caps": "no", "tumor-size": "15-19"},{"Class": "no-recurrence-events", "age": "60-69", "breast": "left", "breast-quad": "left_low", "deg-malig": 2.0, "inv-nodes": "0-2", "irradiat": "yes", "menopause": "ge40", "node-caps": "no", "tumor-size": "30-34"},{"Class": "no-recurrence-events", "age": "30-39", "breast": "left", "breast-quad": "left_up", "deg-malig": 2.0, "inv-nodes": "0-2", "irradiat": "no", "menopause": "premeno", "node-caps": "no", "tumor-size": "30-34"},{"Class": "no-recurrence-events", "age": "30-39", "breast": "right", "breast-quad": "right_up", "deg-malig": 3.0, "inv-nodes": "3-5", "irradiat": "yes", "menopause": "premeno", "node-caps": "no", "tumor-size": "40-44"},{"Class": "no-recurrence-events", "age": "60-69", "breast": "left", "breast-quad": "central", "deg-malig": 1.0, "inv-nodes": "0-2", "irradiat": "no", "menopause": "ge40", "node-caps": "no", "tumor-size": "5-9"},{"Class": "no-recurrence-events", "age": "60-69", "breast": "left", "breast-quad": "left_up", "deg-malig": 1.0, "inv-nodes": "0-2", "irradiat": "no", "menopause": "ge40", "node-caps": "no", "tumor-size": "10-14"},{"Class": "recurrence-events", "age": "40-49", "breast": "right", "breast-quad": "left_up", "deg-malig": 3.0, "inv-nodes": "6-8", "irradiat": "no", "menopause": "premeno", "node-caps": "yes", "tumor-size": "30-34"},{"Class": "no-recurrence-events", "age": "60-69", "breast": "left", "breast-quad": "left_up", "deg-malig": 1.0, "inv-nodes": "0-2", "irradiat": "no", "menopause": "ge40", "node-caps": "no", "tumor-size": "10-14"},{"Class": "no-recurrence-events", "age": "40-49", "breast": "right", "breast-quad": "left_up", "deg-malig": 2.0, "inv-nodes": "9-11", "irradiat": "yes", "menopause": "premeno", "node-caps": "yes", "tumor-size": "35-39"},{"Class": "no-recurrence-events", "age": "40-49", "breast": "right", "breast-quad": "left_low", "deg-malig": 1.0, "inv-nodes": "0-2", "irradiat": "no", "menopause": "premeno", "node-caps": "no", "tumor-size": "20-24"},{"Class": "recurrence-events", "age": "40-49", "breast": "right", "breast-quad": "right_up", "deg-malig": 3.0, "inv-nodes": "0-2", "irradiat": "no", "menopause": "premeno", "node-caps": "yes", "tumor-size": "30-34"},{"Class": "no-recurrence-events", "age": "50-59", "breast": "left", "breast-quad": "left_up", "deg-malig": 2.0, "inv-nodes": "0-2", "irradiat": "no", "menopause": "premeno", "node-caps": "yes", "tumor-size": "25-29"},{"Class": "no-recurrence-events", "age": "40-49", "breast": "left", "breast-quad": "left_low", "deg-malig": 2.0, "inv-nodes": "0-2", "irradiat": "no", "menopause": "premeno", "node-caps": "no", "tumor-size": "15-19"},{"Class": "recurrence-events", "age": "30-39", "breast": "left", "breast-quad": "left_low", "deg-malig": 3.0, "inv-nodes": "9-11", "irradiat": "no", "menopause": "premeno", "node-caps": "yes", "tumor-size": "35-39"},{"Class": "no-recurrence-events", "age": "30-39", "breast": "left", "breast-quad": "right_low", "deg-malig": 2.0, "inv-nodes": "0-2", "irradiat": "no", "menopause": "premeno", "node-caps": "no", "tumor-size": "10-14"},{"Class": "no-recurrence-events", "age": "50-59", "breast": "right", "breast-quad": "left_low", "deg-malig": 1.0, "inv-nodes": "0-2", "irradiat": "no", "menopause": "ge40", "node-caps": "no", "tumor-size": "30-34"},{"Class": "no-recurrence-events", "age": "60-69", "breast": "left", "breast-quad": "left_up", "deg-malig": 2.0, "inv-nodes": "0-2", "irradiat": "no", "menopause": "ge40", "node-caps": "no", "tumor-size": "30-34"},{"Class": "no-recurrence-events", "age": "60-69", "breast": "left", "breast-quad": "left_low", "deg-malig": 2.0, "inv-nodes": "0-2", "irradiat": "no", "menopause": "ge40", "node-caps": "no", "tumor-size": "25-29"},{"Class": "recurrence-events", "age": "40-49", "breast": "left", "breast-quad": "left_up", "deg-malig": 2.0, "inv-nodes": "0-2", "irradiat": "no", "menopause": "premeno", "node-caps": "no", "tumor-size": "15-19"},{"Class": "no-recurrence-events", "age": "60-69", "breast": "right", "breast-quad": "left_low", "deg-malig": 2.0, "inv-nodes": "0-2", "irradiat": "no", "menopause": "ge40", "node-caps": "no", "tumor-size": "15-19"},{"Class": "no-recurrence-events", "age": "40-49", "breast": "left", "breast-quad": "right_low", "deg-malig": 2.0, "inv-nodes": "0-2", "irradiat": "no", "menopause": "premeno", "node-caps": "no", "tumor-size": "30-34"},{"Class": "no-recurrence-events", "age": "20-29", "breast": "right", "breast-quad": "right_up", "deg-malig": 2.0, "inv-nodes": "0-2", "irradiat": "no", "menopause": "premeno", "node-caps": "no", "tumor-size": "35-39"},{"Class": "recurrence-events", "age": "40-49", "breast": "right", "breast-quad": "right_up", "deg-malig": 3.0, "inv-nodes": "0-2", "irradiat": "no", "menopause": "premeno", "node-caps": "no", "tumor-size": "30-34"},{"Class": "recurrence-events", "age": "40-49", "breast": "right", "breast-quad": "left_low", "deg-malig": 2.0, "inv-nodes": "0-2", "irradiat": "no", "menopause": "premeno", "node-caps": "no", "tumor-size": "25-29"},{"Class": "no-recurrence-events", "age": "30-39", "breast": "left", "breast-quad": "left_low", "deg-malig": 3.0, "inv-nodes": "0-2", "irradiat": "no", "menopause": "premeno", "node-caps": "no", "tumor-size": "30-34"},{"Class": "recurrence-events", "age": "30-39", "breast": "right", "breast-quad": "left_low", "deg-malig": 1.0, "inv-nodes": "0-2", "irradiat": "no", "menopause": "premeno", "node-caps": "no", "tumor-size": "15-19"},{"Class": "no-recurrence-events", "age": "50-59", "breast": "right", "breast-quad": "central", "deg-malig": 1.0, "inv-nodes": "0-2", "irradiat": "no", "menopause": "ge40", "node-caps": "no", "tumor-size": "0-4"},{"Class": "no-recurrence-events", "age": "50-59", "breast": "left", "breast-quad": "left_low", "deg-malig": 1.0, "inv-nodes": "0-2", "irradiat": "no", "menopause": "ge40", "node-caps": "no", "tumor-size": "0-4"},{"Class": "recurrence-events", "age": "60-69", "breast": "right", "breast-quad": "left_up", "deg-malig": 3.0, "inv-nodes": "0-2", "irradiat": "no", "menopause": "ge40", "node-caps": "no", "tumor-size": "50-54"},{"Class": "no-recurrence-events", "age": "50-59", "breast": "left", "breast-quad": "central", "deg-malig": 1.0, "inv-nodes": "0-2", "irradiat": "no", "menopause": "premeno", "node-caps": "no", "tumor-size": "30-34"},{"Class": "recurrence-events", "age": "60-69", "breast": "left", "breast-quad": "left_low", "deg-malig": 3.0, "inv-nodes": "24-26", "irradiat": "yes", "menopause": "ge40", "node-caps": "yes", "tumor-size": "20-24"},{"Class": "no-recurrence-events", "age": "40-49", "breast": "left", "breast-quad": "left_up", "deg-malig": 2.0, "inv-nodes": "0-2", "irradiat": "no", "menopause": "premeno", "node-caps": "no", "tumor-size": "25-29"},{"Class": "recurrence-events", "age": "40-49", "breast": "right", "breast-quad": "left_up", "deg-malig": 2.0, "inv-nodes": "3-5", "irradiat": "no", "menopause": "premeno", "node-caps": "no", "tumor-size": "30-34"},{"Class": "no-recurrence-events", "age": "50-59", "breast": "left", "breast-quad": "left_low", "deg-malig": 2.0, "inv-nodes": "3-5", "irradiat": "no", "menopause": "premeno", "node-caps": "yes", "tumor-size": "20-24"},{"Class": "no-recurrence-events", "age": "50-59", "breast": "left", "breast-quad": "central", "deg-malig": 2.0, "inv-nodes": "0-2", "irradiat": "yes", "menopause": "ge40", "node-caps": "yes", "tumor-size": "15-19"},{"Class": "no-recurrence-events", "age": "50-59", "breast": "left", "breast-quad": "left_low", "deg-malig": 3.0, "inv-nodes": "0-2", "irradiat": "no", "menopause": "premeno", "node-caps": "no", "tumor-size": "10-14"},{"Class": "recurrence-events", "age": "30-39", "breast": "right", "breast-quad": "left_up", "deg-malig": 2.0, "inv-nodes": "9-11", "irradiat": "yes", "menopause": "premeno", "node-caps": "no", "tumor-size": "30-34"},{"Class": "no-recurrence-events", "age": "60-69", "breast": "left", "breast-quad": "left_low", "deg-malig": 1.0, "inv-nodes": "0-2", "irradiat": "no", "menopause": "ge40", "node-caps": "no", "tumor-size": "10-14"},{"Class": "no-recurrence-events", "age": "40-49", "breast": "right", "breast-quad": "left_low", "deg-malig": 2.0, "inv-nodes": "0-2", "irradiat": "no", "menopause": "premeno", "node-caps": "no", "tumor-size": "40-44"},{"Class": "no-recurrence-events", "age": "50-59", "breast": "left", "breast-quad": "left_up", "deg-malig": 3.0, "inv-nodes": "9-11", "irradiat": "yes", "menopause": "ge40", "node-caps": null, "tumor-size": "30-34"},{"Class": "recurrence-events", "age": "40-49", "breast": "right", "breast-quad": "left_low", "deg-malig": 2.0, "inv-nodes": "0-2", "irradiat": "yes", "menopause": "premeno", "node-caps": "no", "tumor-size": "50-54"},{"Class": "no-recurrence-events", "age": "50-59", "breast": "right", "breast-quad": "right_up", "deg-malig": 2.0, "inv-nodes": "0-2", "irradiat": "no", "menopause": "ge40", "node-caps": "no", "tumor-size": "15-19"},{"Class": "no-recurrence-events", "age": "50-59", "breast": "left", "breast-quad": "left_low", "deg-malig": 2.0, "inv-nodes": "3-5", "irradiat": "no", "menopause": "ge40", "node-caps": "yes", "tumor-size": "40-44"},{"Class": "recurrence-events", "age": "30-39", "breast": "left", "breast-quad": "left_low", "deg-malig": 3.0, "inv-nodes": "3-5", "irradiat": "yes", "menopause": "premeno", "node-caps": "yes", "tumor-size": "25-29"},{"Class": "no-recurrence-events", "age": "60-69", "breast": "left", "breast-quad": "left_low", "deg-malig": 2.0, "inv-nodes": "0-2", "irradiat": "no", "menopause": "ge40", "node-caps": "no", "tumor-size": "10-14"},{"Class": "no-recurrence-events", "age": "60-69", "breast": "left", "breast-quad": "right_up", "deg-malig": 1.0, "inv-nodes": "0-2", "irradiat": "no", "menopause": "lt40", "node-caps": "no", "tumor-size": "10-14"},{"Class": "recurrence-events", "age": "30-39", "breast": "left", "breast-quad": "left_up", "deg-malig": 2.0, "inv-nodes": "0-2", "irradiat": "no", "menopause": "premeno", "node-caps": "no", "tumor-size": "30-34"},{"Class": "recurrence-events", "age": "30-39", "breast": "left", "breast-quad": "left_low", "deg-malig": 2.0, "inv-nodes": "3-5", "irradiat": "no", "menopause": "premeno", "node-caps": "yes", "tumor-size": "20-24"},{"Class": "no-recurrence-events", "age": "50-59", "breast": "right", "breast-quad": "left_up", "deg-malig": 1.0, "inv-nodes": "0-2", "irradiat": "no", "menopause": "ge40", "node-caps": "no", "tumor-size": "10-14"},{"Class": "no-recurrence-events", "age": "60-69", "breast": "right", "breast-quad": "left_up", "deg-malig": 3.0, "inv-nodes": "0-2", "irradiat": "no", "menopause": "ge40", "node-caps": "no", "tumor-size": "25-29"},{"Class": "no-recurrence-events", "age": "50-59", "breast": "right", "breast-quad": "left_up", "deg-malig": 3.0, "inv-nodes": "3-5", "irradiat": "no", "menopause": "ge40", "node-caps": "yes", "tumor-size": "25-29"},{"Class": "no-recurrence-events", "age": "40-49", "breast": "left", "breast-quad": "left_up", "deg-malig": 2.0, "inv-nodes": "6-8", "irradiat": "no", "menopause": "premeno", "node-caps": "no", "tumor-size": "30-34"},{"Class": "no-recurrence-events", "age": "60-69", "breast": "left", "breast-quad": "left_low", "deg-malig": 2.0, "inv-nodes": "0-2", "irradiat": "no", "menopause": "ge40", "node-caps": "no", "tumor-size": "50-54"},{"Class": "no-recurrence-events", "age": "50-59", "breast": "left", "breast-quad": "left_low", "deg-malig": 3.0, "inv-nodes": "0-2", "irradiat": "no", "menopause": "premeno", "node-caps": "no", "tumor-size": "30-34"},{"Class": "recurrence-events", "age": "40-49", "breast": "right", "breast-quad": "left_low", "deg-malig": 3.0, "inv-nodes": "3-5", "irradiat": "yes", "menopause": "ge40", "node-caps": "no", "tumor-size": "20-24"},{"Class": "recurrence-events", "age": "50-59", "breast": "left", "breast-quad": "right_low", "deg-malig": 2.0, "inv-nodes": "6-8", "irradiat": "yes", "menopause": "ge40", "node-caps": "yes", "tumor-size": "30-34"},{"Class": "recurrence-events", "age": "60-69", "breast": "right", "breast-quad": "right_up", "deg-malig": 2.0, "inv-nodes": "3-5", "irradiat": "no", "menopause": "ge40", "node-caps": "no", "tumor-size": "25-29"},{"Class": "no-recurrence-events", "age": "40-49", "breast": "left", "breast-quad": "central", "deg-malig": 2.0, "inv-nodes": "0-2", "irradiat": "no", "menopause": "premeno", "node-caps": "no", "tumor-size": "20-24"},{"Class": "no-recurrence-events", "age": "40-49", "breast": "left", "breast-quad": "left_up", "deg-malig": 2.0, "inv-nodes": "0-2", "irradiat": "no", "menopause": "premeno", "node-caps": "no", "tumor-size": "20-24"},{"Class": "no-recurrence-events", "age": "40-49", "breast": "left", "breast-quad": "left_low", "deg-malig": 2.0, "inv-nodes": "0-2", "irradiat": "no", "menopause": "premeno", "node-caps": "no", "tumor-size": "50-54"},{"Class": "recurrence-events", "age": "50-59", "breast": "right", "breast-quad": "central", "deg-malig": 2.0, "inv-nodes": "0-2", "irradiat": "no", "menopause": "ge40", "node-caps": "no", "tumor-size": "20-24"},{"Class": "recurrence-events", "age": "50-59", "breast": "right", "breast-quad": "left_up", "deg-malig": 3.0, "inv-nodes": "3-5", "irradiat": "no", "menopause": "ge40", "node-caps": "no", "tumor-size": "30-34"},{"Class": "no-recurrence-events", "age": "40-49", "breast": "left", "breast-quad": "left_low", "deg-malig": 2.0, "inv-nodes": "0-2", "irradiat": "no", "menopause": "ge40", "node-caps": "no", "tumor-size": "25-29"},{"Class": "recurrence-events", "age": "50-59", "breast": "right", "breast-quad": "left_up", "deg-malig": 1.0, "inv-nodes": "0-2", "irradiat": "no", "menopause": "premeno", "node-caps": "no", "tumor-size": "25-29"},{"Class": "no-recurrence-events", "age": "40-49", "breast": "right", "breast-quad": "left_up", "deg-malig": 3.0, "inv-nodes": "3-5", "irradiat": "yes", "menopause": "premeno", "node-caps": "yes", "tumor-size": "40-44"},{"Class": "no-recurrence-events", "age": "40-49", "breast": "right", "breast-quad": "left_up", "deg-malig": 2.0, "inv-nodes": "0-2", "irradiat": "no", "menopause": "premeno", "node-caps": "no", "tumor-size": "20-24"},{"Class": "no-recurrence-events", "age": "40-49", "breast": "right", "breast-quad": "left_up", "deg-malig": 2.0, "inv-nodes": "3-5", "irradiat": "no", "menopause": "premeno", "node-caps": "no", "tumor-size": "20-24"},{"Class": "recurrence-events", "age": "40-49", "breast": "right", "breast-quad": "left_up", "deg-malig": 3.0, "inv-nodes": "9-11", "irradiat": "no", "menopause": "premeno", "node-caps": "yes", "tumor-size": "25-29"},{"Class": "recurrence-events", "age": "40-49", "breast": "right", "breast-quad": "left_low", "deg-malig": 2.0, "inv-nodes": "0-2", "irradiat": "no", "menopause": "premeno", "node-caps": "no", "tumor-size": "25-29"},{"Class": "no-recurrence-events", "age": "40-49", "breast": "right", "breast-quad": "right_up", "deg-malig": 1.0, "inv-nodes": "0-2", "irradiat": "no", "menopause": "premeno", "node-caps": "no", "tumor-size": "20-24"},{"Class": "no-recurrence-events", "age": "30-39", "breast": "right", "breast-quad": "right_up", "deg-malig": 2.0, "inv-nodes": "0-2", "irradiat": "no", "menopause": "premeno", "node-caps": "no", "tumor-size": "40-44"},{"Class": "recurrence-events", "age": "60-69", "breast": "left", "breast-quad": "left_up", "deg-malig": 3.0, "inv-nodes": "6-8", "irradiat": "yes", "menopause": "ge40", "node-caps": "yes", "tumor-size": "10-14"},{"Class": "no-recurrence-events", "age": "40-49", "breast": "left", "breast-quad": "left_low", "deg-malig": 1.0, "inv-nodes": "0-2", "irradiat": "no", "menopause": "premeno", "node-caps": "no", "tumor-size": "35-39"},{"Class": "recurrence-events", "age": "50-59", "breast": "left", "breast-quad": "left_low", "deg-malig": 3.0, "inv-nodes": "3-5", "irradiat": "no", "menopause": "ge40", "node-caps": "no", "tumor-size": "30-34"},{"Class": "no-recurrence-events", "age": "40-49", "breast": "left", "breast-quad": "left_low", "deg-malig": 1.0, "inv-nodes": "0-2", "irradiat": "yes", "menopause": "premeno", "node-caps": "no", "tumor-size": "5-9"},{"Class": "no-recurrence-events", "age": "60-69", "breast": "left", "breast-quad": "right_low", "deg-malig": 1.0, "inv-nodes": "0-2", "irradiat": "no", "menopause": "ge40", "node-caps": "no", "tumor-size": "15-19"},{"Class": "no-recurrence-events", "age": "40-49", "breast": "right", "breast-quad": "right_up", "deg-malig": 3.0, "inv-nodes": "0-2", "irradiat": "no", "menopause": "premeno", "node-caps": "no", "tumor-size": "30-34"},{"Class": "recurrence-events", "age": "40-49", "breast": "left", "breast-quad": "left_up", "deg-malig": 3.0, "inv-nodes": "0-2", "irradiat": "no", "menopause": "premeno", "node-caps": "no", "tumor-size": "25-29"},{"Class": "no-recurrence-events", "age": "50-59", "breast": "right", "breast-quad": "right_up", "deg-malig": 2.0, "inv-nodes": "0-2", "irradiat": "no", "menopause": "ge40", "node-caps": "no", "tumor-size": "5-9"},{"Class": "no-recurrence-events", "age": "50-59", "breast": "right", "breast-quad": "right_low", "deg-malig": 2.0, "inv-nodes": "0-2", "irradiat": "no", "menopause": "premeno", "node-caps": "no", "tumor-size": "25-29"},{"Class": "recurrence-events", "age": "50-59", "breast": "left", "breast-quad": "right_up", "deg-malig": 2.0, "inv-nodes": "0-2", "irradiat": "no", "menopause": "premeno", "node-caps": "no", "tumor-size": "25-29"},{"Class": "no-recurrence-events", "age": "40-49", "breast": "left", "breast-quad": "left_low", "deg-malig": 2.0, "inv-nodes": "0-2", "irradiat": "yes", "menopause": "premeno", "node-caps": "no", "tumor-size": "10-14"},{"Class": "recurrence-events", "age": "60-69", "breast": "left", "breast-quad": "left_low", "deg-malig": 3.0, "inv-nodes": "6-8", "irradiat": "no", "menopause": "ge40", "node-caps": "yes", "tumor-size": "35-39"},{"Class": "no-recurrence-events", "age": "60-69", "breast": "right", "breast-quad": "left_up", "deg-malig": 2.0, "inv-nodes": "0-2", "irradiat": "yes", "menopause": "ge40", "node-caps": "no", "tumor-size": "50-54"},{"Class": "no-recurrence-events", "age": "40-49", "breast": "right", "breast-quad": "left_up", "deg-malig": 2.0, "inv-nodes": "0-2", "irradiat": "no", "menopause": "premeno", "node-caps": "no", "tumor-size": "25-29"},{"Class": "no-recurrence-events", "age": "30-39", "breast": "right", "breast-quad": "central", "deg-malig": 2.0, "inv-nodes": "3-5", "irradiat": "no", "menopause": "premeno", "node-caps": "no", "tumor-size": "20-24"},{"Class": "recurrence-events", "age": "30-39", "breast": "right", "breast-quad": "left_up", "deg-malig": 1.0, "inv-nodes": "0-2", "irradiat": "no", "menopause": "premeno", "node-caps": "no", "tumor-size": "30-34"},{"Class": "no-recurrence-events", "age": "60-69", "breast": "left", "breast-quad": "left_low", "deg-malig": 1.0, "inv-nodes": "0-2", "irradiat": "no", "menopause": "lt40", "node-caps": "no", "tumor-size": "30-34"},{"Class": "no-recurrence-events", "age": "40-49", "breast": "right", "breast-quad": "right_low", "deg-malig": 3.0, "inv-nodes": "12-14", "irradiat": "yes", "menopause": "premeno", "node-caps": "no", "tumor-size": "15-19"},{"Class": "recurrence-events", "age": "60-69", "breast": "right", "breast-quad": "left_low", "deg-malig": 3.0, "inv-nodes": "0-2", "irradiat": "no", "menopause": "ge40", "node-caps": "no", "tumor-size": "20-24"},{"Class": "no-recurrence-events", "age": "30-39", "breast": "left", "breast-quad": "right_low", "deg-malig": 2.0, "inv-nodes": "0-2", "irradiat": "no", "menopause": "premeno", "node-caps": "no", "tumor-size": "5-9"},{"Class": "no-recurrence-events", "age": "40-49", "breast": "left", "breast-quad": "left_up", "deg-malig": 3.0, "inv-nodes": "0-2", "irradiat": "no", "menopause": "premeno", "node-caps": "no", "tumor-size": "30-34"},{"Class": "no-recurrence-events", "age": "60-69", "breast": "left", "breast-quad": "left_low", "deg-malig": 3.0, "inv-nodes": "0-2", "irradiat": "no", "menopause": "ge40", "node-caps": "no", "tumor-size": "30-34"},{"Class": "no-recurrence-events", "age": "40-49", "breast": "right", "breast-quad": "right_low", "deg-malig": 1.0, "inv-nodes": "0-2", "irradiat": "no", "menopause": "premeno", "node-caps": "no", "tumor-size": "25-29"},{"Class": "no-recurrence-events", "age": "40-49", "breast": "left", "breast-quad": "right_low", "deg-malig": 1.0, "inv-nodes": "0-2", "irradiat": "no", "menopause": "premeno", "node-caps": "no", "tumor-size": "25-29"},{"Class": "recurrence-events", "age": "60-69", "breast": "right", "breast-quad": "left_low", "deg-malig": 3.0, "inv-nodes": "3-5", "irradiat": "no", "menopause": "ge40", "node-caps": "yes", "tumor-size": "40-44"},{"Class": "no-recurrence-events", "age": "50-59", "breast": "left", "breast-quad": "left_low", "deg-malig": 2.0, "inv-nodes": "0-2", "irradiat": "no", "menopause": "ge40", "node-caps": "no", "tumor-size": "25-29"},{"Class": "recurrence-events", "age": "50-59", "breast": "right", "breast-quad": "left_up", "deg-malig": 3.0, "inv-nodes": "0-2", "irradiat": "yes", "menopause": "premeno", "node-caps": "no", "tumor-size": "30-34"},{"Class": "recurrence-events", "age": "40-49", "breast": "left", "breast-quad": "left_low", "deg-malig": 3.0, "inv-nodes": "3-5", "irradiat": "no", "menopause": "ge40", "node-caps": "no", "tumor-size": "30-34"},{"Class": "no-recurrence-events", "age": "40-49", "breast": "right", "breast-quad": "left_low", "deg-malig": 1.0, "inv-nodes": "0-2", "irradiat": "yes", "menopause": "premeno", "node-caps": "no", "tumor-size": "25-29"},{"Class": "recurrence-events", "age": "40-49", "breast": "left", "breast-quad": "right_low", "deg-malig": 3.0, "inv-nodes": "12-14", "irradiat": "yes", "menopause": "ge40", "node-caps": "yes", "tumor-size": "25-29"},{"Class": "recurrence-events", "age": "40-49", "breast": "left", "breast-quad": "left_low", "deg-malig": 1.0, "inv-nodes": "0-2", "irradiat": "no", "menopause": "premeno", "node-caps": "no", "tumor-size": "40-44"},{"Class": "no-recurrence-events", "age": "40-49", "breast": "left", "breast-quad": "left_low", "deg-malig": 2.0, "inv-nodes": "0-2", "irradiat": "no", "menopause": "premeno", "node-caps": "no", "tumor-size": "20-24"},{"Class": "no-recurrence-events", "age": "50-59", "breast": "left", "breast-quad": "right_low", "deg-malig": 1.0, "inv-nodes": "0-2", "irradiat": "no", "menopause": "ge40", "node-caps": "no", "tumor-size": "25-29"},{"Class": "no-recurrence-events", "age": "40-49", "breast": "right", "breast-quad": "left_up", "deg-malig": 2.0, "inv-nodes": "0-2", "irradiat": "no", "menopause": "premeno", "node-caps": "no", "tumor-size": "20-24"},{"Class": "no-recurrence-events", "age": "70-79", "breast": "right", "breast-quad": "left_up", "deg-malig": 1.0, "inv-nodes": "0-2", "irradiat": "no", "menopause": "ge40", "node-caps": "no", "tumor-size": "40-44"},{"Class": "recurrence-events", "age": "60-69", "breast": "left", "breast-quad": "left_up", "deg-malig": 3.0, "inv-nodes": "0-2", "irradiat": "no", "menopause": "ge40", "node-caps": "no", "tumor-size": "25-29"},{"Class": "no-recurrence-events", "age": "50-59", "breast": "left", "breast-quad": "left_low", "deg-malig": 2.0, "inv-nodes": "0-2", "irradiat": "no", "menopause": "premeno", "node-caps": "no", "tumor-size": "25-29"},{"Class": "recurrence-events", "age": "60-69", "breast": "right", "breast-quad": "right_up", "deg-malig": 1.0, "inv-nodes": "0-2", "irradiat": "yes", "menopause": "ge40", "node-caps": "no", "tumor-size": "45-49"},{"Class": "no-recurrence-events", "age": "50-59", "breast": "right", "breast-quad": "left_up", "deg-malig": 2.0, "inv-nodes": "0-2", "irradiat": "no", "menopause": "ge40", "node-caps": "yes", "tumor-size": "20-24"},{"Class": "no-recurrence-events", "age": "50-59", "breast": "left", "breast-quad": "left_low", "deg-malig": 1.0, "inv-nodes": "0-2", "irradiat": "no", "menopause": "ge40", "node-caps": "no", "tumor-size": "25-29"},{"Class": "no-recurrence-events", "age": "50-59", "breast": "left", "breast-quad": "left_up", "deg-malig": 3.0, "inv-nodes": "0-2", "irradiat": "no", "menopause": "ge40", "node-caps": "no", "tumor-size": "20-24"},{"Class": "no-recurrence-events", "age": "40-49", "breast": "right", "breast-quad": "left_low", "deg-malig": 2.0, "inv-nodes": "3-5", "irradiat": "no", "menopause": "premeno", "node-caps": "no", "tumor-size": "20-24"},{"Class": "no-recurrence-events", "age": "50-59", "breast": "left", "breast-quad": "left_up", "deg-malig": 2.0, "inv-nodes": "0-2", "irradiat": "no", "menopause": "ge40", "node-caps": "no", "tumor-size": "35-39"},{"Class": "recurrence-events", "age": "30-39", "breast": "left", "breast-quad": "left_up", "deg-malig": 3.0, "inv-nodes": "0-2", "irradiat": "yes", "menopause": "premeno", "node-caps": "no", "tumor-size": "20-24"},{"Class": "no-recurrence-events", "age": "60-69", "breast": "right", "breast-quad": "left_up", "deg-malig": 1.0, "inv-nodes": "0-2", "irradiat": "no", "menopause": "ge40", "node-caps": "no", "tumor-size": "30-34"},{"Class": "no-recurrence-events", "age": "60-69", "breast": "right", "breast-quad": "left_low", "deg-malig": 3.0, "inv-nodes": "0-2", "irradiat": "no", "menopause": "ge40", "node-caps": "no", "tumor-size": "25-29"},{"Class": "no-recurrence-events", "age": "40-49", "breast": "left", "breast-quad": "left_up", "deg-malig": 2.0, "inv-nodes": "0-2", "irradiat": "yes", "menopause": "ge40", "node-caps": "no", "tumor-size": "30-34"},{"Class": "no-recurrence-events", "age": "30-39", "breast": "left", "breast-quad": "left_low", "deg-malig": 2.0, "inv-nodes": "0-2", "irradiat": "no", "menopause": "premeno", "node-caps": "no", "tumor-size": "25-29"},{"Class": "recurrence-events", "age": "40-49", "breast": "left", "breast-quad": "left_low", "deg-malig": 2.0, "inv-nodes": "0-2", "irradiat": "no", "menopause": "premeno", "node-caps": "no", "tumor-size": "20-24"},{"Class": "no-recurrence-events", "age": "30-39", "breast": "left", "breast-quad": "right_low", "deg-malig": 2.0, "inv-nodes": "0-2", "irradiat": "no", "menopause": "premeno", "node-caps": "no", "tumor-size": "20-24"},{"Class": "no-recurrence-events", "age": "40-49", "breast": "right", "breast-quad": "left_low", "deg-malig": 2.0, "inv-nodes": "0-2", "irradiat": "no", "menopause": "premeno", "node-caps": "no", "tumor-size": "10-14"},{"Class": "no-recurrence-events", "age": "50-59", "breast": "right", "breast-quad": "right_low", "deg-malig": 2.0, "inv-nodes": "0-2", "irradiat": "no", "menopause": "premeno", "node-caps": "no", "tumor-size": "15-19"},{"Class": "no-recurrence-events", "age": "50-59", "breast": "right", "breast-quad": "left_up", "deg-malig": 1.0, "inv-nodes": "0-2", "irradiat": "no", "menopause": "premeno", "node-caps": "no", "tumor-size": "25-29"},{"Class": "no-recurrence-events", "age": "60-69", "breast": "right", "breast-quad": "left_up", "deg-malig": 2.0, "inv-nodes": "0-2", "irradiat": "no", "menopause": "ge40", "node-caps": "no", "tumor-size": "20-24"},{"Class": "recurrence-events", "age": "60-69", "breast": "right", "breast-quad": "left_low", "deg-malig": 2.0, "inv-nodes": "0-2", "irradiat": "no", "menopause": "ge40", "node-caps": "no", "tumor-size": "40-44"},{"Class": "no-recurrence-events", "age": "30-39", "breast": "right", "breast-quad": "left_up", "deg-malig": 3.0, "inv-nodes": "0-2", "irradiat": "no", "menopause": "lt40", "node-caps": "no", "tumor-size": "15-19"},{"Class": "recurrence-events", "age": "40-49", "breast": "left", "breast-quad": "left_up", "deg-malig": 3.0, "inv-nodes": "12-14", "irradiat": "yes", "menopause": "premeno", "node-caps": "yes", "tumor-size": "30-34"},{"Class": "recurrence-events", "age": "60-69", "breast": "right", "breast-quad": "right_up", "deg-malig": 2.0, "inv-nodes": "0-2", "irradiat": "yes", "menopause": "ge40", "node-caps": "yes", "tumor-size": "30-34"},{"Class": "recurrence-events", "age": "50-59", "breast": "left", "breast-quad": "left_low", "deg-malig": 3.0, "inv-nodes": "6-8", "irradiat": "yes", "menopause": "ge40", "node-caps": "yes", "tumor-size": "40-44"},{"Class": "recurrence-events", "age": "50-59", "breast": "left", "breast-quad": null, "deg-malig": 3.0, "inv-nodes": "0-2", "irradiat": "no", "menopause": "ge40", "node-caps": "no", "tumor-size": "30-34"},{"Class": "no-recurrence-events", "age": "70-79", "breast": "left", "breast-quad": "central", "deg-malig": 2.0, "inv-nodes": "0-2", "irradiat": "no", "menopause": "ge40", "node-caps": "no", "tumor-size": "10-14"},{"Class": "no-recurrence-events", "age": "30-39", "breast": "left", "breast-quad": "left_low", "deg-malig": 2.0, "inv-nodes": "0-2", "irradiat": "yes", "menopause": "premeno", "node-caps": "no", "tumor-size": "40-44"},{"Class": "no-recurrence-events", "age": "40-49", "breast": "right", "breast-quad": "right_low", "deg-malig": 2.0, "inv-nodes": "0-2", "irradiat": "no", "menopause": "premeno", "node-caps": "no", "tumor-size": "30-34"},{"Class": "no-recurrence-events", "age": "40-49", "breast": "left", "breast-quad": "left_low", "deg-malig": 1.0, "inv-nodes": "0-2", "irradiat": "no", "menopause": "premeno", "node-caps": "no", "tumor-size": "30-34"},{"Class": "no-recurrence-events", "age": "60-69", "breast": "left", "breast-quad": "left_low", "deg-malig": 2.0, "inv-nodes": "0-2", "irradiat": "no", "menopause": "ge40", "node-caps": "no", "tumor-size": "15-19"},{"Class": "no-recurrence-events", "age": "40-49", "breast": "left", "breast-quad": "left_low", "deg-malig": 2.0, "inv-nodes": "0-2", "irradiat": "no", "menopause": "premeno", "node-caps": "no", "tumor-size": "10-14"},{"Class": "no-recurrence-events", "age": "60-69", "breast": "left", "breast-quad": "left_low", "deg-malig": 1.0, "inv-nodes": "0-2", "irradiat": "no", "menopause": "ge40", "node-caps": "no", "tumor-size": "20-24"},{"Class": "no-recurrence-events", "age": "50-59", "breast": "left", "breast-quad": "left_up", "deg-malig": 1.0, "inv-nodes": "0-2", "irradiat": "no", "menopause": "ge40", "node-caps": "no", "tumor-size": "10-14"},{"Class": "no-recurrence-events", "age": "50-59", "breast": "left", "breast-quad": "left_low", "deg-malig": 1.0, "inv-nodes": "0-2", "irradiat": "no", "menopause": "premeno", "node-caps": "no", "tumor-size": "25-29"},{"Class": "recurrence-events", "age": "50-59", "breast": "left", "breast-quad": "right_low", "deg-malig": 3.0, "inv-nodes": "9-11", "irradiat": "yes", "menopause": "ge40", "node-caps": "yes", "tumor-size": "30-34"},{"Class": "no-recurrence-events", "age": "50-59", "breast": "left", "breast-quad": "left_low", "deg-malig": 2.0, "inv-nodes": "0-2", "irradiat": "no", "menopause": "ge40", "node-caps": "no", "tumor-size": "10-14"},{"Class": "no-recurrence-events", "age": "40-49", "breast": "left", "breast-quad": "right_up", "deg-malig": 1.0, "inv-nodes": "0-2", "irradiat": "no", "menopause": "premeno", "node-caps": "no", "tumor-size": "30-34"},{"Class": "no-recurrence-events", "age": "70-79", "breast": "left", "breast-quad": "right_low", "deg-malig": 1.0, "inv-nodes": "0-2", "irradiat": "no", "menopause": "ge40", "node-caps": "no", "tumor-size": "0-4"},{"Class": "no-recurrence-events", "age": "40-49", "breast": "right", "breast-quad": "left_up", "deg-malig": 3.0, "inv-nodes": "0-2", "irradiat": "yes", "menopause": "premeno", "node-caps": "no", "tumor-size": "25-29"},{"Class": "recurrence-events", "age": "50-59", "breast": "right", "breast-quad": "left_low", "deg-malig": 3.0, "inv-nodes": "0-2", "irradiat": "yes", "menopause": "premeno", "node-caps": "no", "tumor-size": "25-29"},{"Class": "no-recurrence-events", "age": "50-59", "breast": "left", "breast-quad": "left_low", "deg-malig": 2.0, "inv-nodes": "0-2", "irradiat": "no", "menopause": "ge40", "node-caps": "no", "tumor-size": "40-44"},{"Class": "recurrence-events", "age": "60-69", "breast": "left", "breast-quad": "right_low", "deg-malig": 3.0, "inv-nodes": "0-2", "irradiat": "yes", "menopause": "ge40", "node-caps": "no", "tumor-size": "25-29"},{"Class": "no-recurrence-events", "age": "40-49", "breast": "right", "breast-quad": "left_low", "deg-malig": 2.0, "inv-nodes": "3-5", "irradiat": "no", "menopause": "premeno", "node-caps": "yes", "tumor-size": "30-34"},{"Class": "recurrence-events", "age": "50-59", "breast": "left", "breast-quad": "left_up", "deg-malig": 2.0, "inv-nodes": "0-2", "irradiat": "no", "menopause": "ge40", "node-caps": "no", "tumor-size": "20-24"},{"Class": "no-recurrence-events", "age": "70-79", "breast": "left", "breast-quad": "left_up", "deg-malig": 3.0, "inv-nodes": "0-2", "irradiat": "no", "menopause": "ge40", "node-caps": "no", "tumor-size": "20-24"},{"Class": "no-recurrence-events", "age": "30-39", "breast": "left", "breast-quad": "central", "deg-malig": 1.0, "inv-nodes": "0-2", "irradiat": "no", "menopause": "premeno", "node-caps": "no", "tumor-size": "25-29"},{"Class": "no-recurrence-events", "age": "60-69", "breast": "left", "breast-quad": "left_low", "deg-malig": 2.0, "inv-nodes": "0-2", "irradiat": "no", "menopause": "ge40", "node-caps": "no", "tumor-size": "30-34"},{"Class": "recurrence-events", "age": "40-49", "breast": "right", "breast-quad": "right_up", "deg-malig": 2.0, "inv-nodes": "3-5", "irradiat": "yes", "menopause": "premeno", "node-caps": "yes", "tumor-size": "20-24"},{"Class": "no-recurrence-events", "age": "50-59", "breast": "left", "breast-quad": "left_low", "deg-malig": 3.0, "inv-nodes": "9-11", "irradiat": "yes", "menopause": "ge40", "node-caps": null, "tumor-size": "30-34"},{"Class": "no-recurrence-events", "age": "50-59", "breast": "left", "breast-quad": "central", "deg-malig": 2.0, "inv-nodes": "0-2", "irradiat": "no", "menopause": "ge40", "node-caps": "no", "tumor-size": "0-4"},{"Class": "no-recurrence-events", "age": "40-49", "breast": "right", "breast-quad": "left_low", "deg-malig": 3.0, "inv-nodes": "0-2", "irradiat": "yes", "menopause": "premeno", "node-caps": "no", "tumor-size": "20-24"},{"Class": "recurrence-events", "age": "30-39", "breast": "left", "breast-quad": "left_low", "deg-malig": 3.0, "inv-nodes": "0-2", "irradiat": "no", "menopause": "premeno", "node-caps": "no", "tumor-size": "35-39"},{"Class": "no-recurrence-events", "age": "60-69", "breast": "left", "breast-quad": "left_up", "deg-malig": 1.0, "inv-nodes": "0-2", "irradiat": "no", "menopause": "ge40", "node-caps": "no", "tumor-size": "30-34"},{"Class": "no-recurrence-events", "age": "60-69", "breast": "left", "breast-quad": "left_low", "deg-malig": 1.0, "inv-nodes": "0-2", "irradiat": "no", "menopause": "ge40", "node-caps": "no", "tumor-size": "20-24"},{"Class": "recurrence-events", "age": "50-59", "breast": "left", "breast-quad": "left_low", "deg-malig": 3.0, "inv-nodes": "6-8", "irradiat": "yes", "menopause": "ge40", "node-caps": "no", "tumor-size": "25-29"},{"Class": "recurrence-events", "age": "50-59", "breast": "right", "breast-quad": "right_up", "deg-malig": 3.0, "inv-nodes": "15-17", "irradiat": "no", "menopause": "premeno", "node-caps": "yes", "tumor-size": "35-39"},{"Class": "no-recurrence-events", "age": "30-39", "breast": "right", "breast-quad": "left_up", "deg-malig": 2.0, "inv-nodes": "3-5", "irradiat": "yes", "menopause": "premeno", "node-caps": "yes", "tumor-size": "20-24"},{"Class": "no-recurrence-events", "age": "40-49", "breast": "right", "breast-quad": "left_low", "deg-malig": 2.0, "inv-nodes": "6-8", "irradiat": "yes", "menopause": "premeno", "node-caps": "no", "tumor-size": "20-24"},{"Class": "no-recurrence-events", "age": "50-59", "breast": "left", "breast-quad": "left_low", "deg-malig": 3.0, "inv-nodes": "0-2", "irradiat": "no", "menopause": "ge40", "node-caps": "no", "tumor-size": "35-39"},{"Class": "no-recurrence-events", "age": "50-59", "breast": "right", "breast-quad": "left_up", "deg-malig": 2.0, "inv-nodes": "0-2", "irradiat": "no", "menopause": "premeno", "node-caps": "no", "tumor-size": "35-39"},{"Class": "no-recurrence-events", "age": "40-49", "breast": "left", "breast-quad": "left_up", "deg-malig": 2.0, "inv-nodes": "0-2", "irradiat": "yes", "menopause": "premeno", "node-caps": "no", "tumor-size": "25-29"},{"Class": "no-recurrence-events", "age": "40-49", "breast": "right", "breast-quad": "right_up", "deg-malig": 2.0, "inv-nodes": "0-2", "irradiat": "no", "menopause": "premeno", "node-caps": "no", "tumor-size": "35-39"},{"Class": "no-recurrence-events", "age": "50-59", "breast": "left", "breast-quad": "left_low", "deg-malig": 2.0, "inv-nodes": "3-5", "irradiat": "yes", "menopause": "premeno", "node-caps": "yes", "tumor-size": "30-34"},{"Class": "no-recurrence-events", "age": "40-49", "breast": "right", "breast-quad": "right_up", "deg-malig": 2.0, "inv-nodes": "0-2", "irradiat": "no", "menopause": "premeno", "node-caps": "no", "tumor-size": "20-24"},{"Class": "no-recurrence-events", "age": "60-69", "breast": "right", "breast-quad": "left_up", "deg-malig": 3.0, "inv-nodes": "0-2", "irradiat": "yes", "menopause": "ge40", "node-caps": "no", "tumor-size": "15-19"},{"Class": "no-recurrence-events", "age": "50-59", "breast": "left", "breast-quad": "left_low", "deg-malig": 2.0, "inv-nodes": "6-8", "irradiat": "no", "menopause": "ge40", "node-caps": "yes", "tumor-size": "30-34"},{"Class": "no-recurrence-events", "age": "50-59", "breast": "left", "breast-quad": "left_low", "deg-malig": 2.0, "inv-nodes": "3-5", "irradiat": "yes", "menopause": "premeno", "node-caps": "yes", "tumor-size": "25-29"},{"Class": "no-recurrence-events", "age": "30-39", "breast": "right", "breast-quad": "right_up", "deg-malig": 2.0, "inv-nodes": "6-8", "irradiat": "no", "menopause": "premeno", "node-caps": "yes", "tumor-size": "30-34"},{"Class": "no-recurrence-events", "age": "50-59", "breast": "right", "breast-quad": "left_low", "deg-malig": 2.0, "inv-nodes": "0-2", "irradiat": "no", "menopause": "premeno", "node-caps": "no", "tumor-size": "15-19"},{"Class": "no-recurrence-events", "age": "50-59", "breast": "left", "breast-quad": "right_up", "deg-malig": 3.0, "inv-nodes": "0-2", "irradiat": "no", "menopause": "ge40", "node-caps": "no", "tumor-size": "40-44"}]